SMILES,label
CC(CCc1ccccc1)NC(C)C(O)c2ccc(O)cc2,0
CNC1C(O)C(O)C(CO)OC1OC2C(OC3C(O)C(O)C(NC(=N)N)C(O)C3NC(=N)N)OC(C)C2(O)C=O,0
OCC1=CC(=O)C(=CO1)O,0
Cc1cc(C)cc(Nc2cc(C)nc3nc(C(F)(F)F)nn23)c1,0
CC1(C)C2C[C@@H](O)[C@]3(C)C(CC[C@@]4(C)[C@@H](OC(=O)C5OC345)c6cocc6)[C@@]2(C)[C@H]7O[C@H]7C1=O,0
CN(C)CCN(Cc1cccs1)c2ccccn2,0
CC(=O)NCCCCCC(=O)O,0
Cn1cnc(c1Sc2[nH]cnc3ncnc23)[N+](=O)[O-],0
CCC(C)C(=O)O[C@@H]1C[C@@]2(C)[C@@H](OC(=O)CC23OC4(C)OC15[C@]6(C)[C@@H](CC(=O)OC)[C@]7(C)C[C@@]6(O)[C@](O)([C@H]7OC(=O)C8(C)OC8C)[C@@H](OC(=O)C(C)C)C35O4)c9cocc9,0
COc1cc(cc(O)c1OC)C2=COc3cc(O[C@@H]4O[C@H](CO)[C@@H](O)[C@H](O)[C@H]4O)c(OC)c(O)c3C2=O,0
S(=O)(=O)(N)C3(=CC=C(N1(N=C(C(F)(F)F)C=C1C2(=CC=C(C)C=C2)))C=C3),0
OCCCNCC1=CC=C(O1)C2=C(Cl)C=C(Cl)C=C2,0
CC(C)CC1N2C(=O)[C@](NC(=O)C3CN(C)[C@@H]4Cc5c(Br)[nH]c6cccc(C4=C3)c56)(OC2(O)[C@@H]7CCCN7C1=O)C(C)C,0
CC1CC[C@]2(OC1)OC3CC4C5CC[C@@H]6C[C@H](CC[C@]6(C)C5CC[C@]4(C)C3[C@@H]2C)OC(=O)C,0
CCOC(=O)NNc1nncc2ccccc12,0
COC1=CC(=O)C=C(OC)C1=O,0
COc1cc(ccc1c2cn(nn2)c3cccc(c3)C4=NCCN4)C5=NCCN5,0
COc1ccc2cc3c4cc(OC)c(OC)cc4CC[n+]3cc2c1OC,0
CC(=CCC\C(=C\CCC(C)(O)C=C)\C)C,0
CN[C@@H]1[C@H](O)[C@H](NC)[C@H]2O[C@]3(O)[C@@H](O[C@H](C)CC3=O)O[C@@H]2[C@H]1O,0
COc1ccc(cc1)C2=CC(=O)c3c(OC(=O)C)cc(OC(=O)C)cc3O2,0
COc1ccc2C3COc4cc(O)ccc4C3Oc2c1,0
COC(=O)c1c(C)c2Oc3c(Cl)c(O)c(Cl)c(C)c3C(=O)Oc2c(C)c1O,0
CC[C@@]1(O)C[C@H](O[C@H]2C[C@@H]([C@H](O[C@H]3C[C@H](O)[C@H](O[C@H]4CCC(=O)[C@H](C)O4)[C@H](C)O3)[C@H](C)O2)N(C)C)c5c(O)c6C(=O)c7c(O)cccc7C(=O)c6cc5[C@H]1C(=O)OC,0
COc1ccc(cc1)N(CCc2cccc(C)n2)C(=O)C,0
OC4(=CC3(=C(C2(C(C1(C(C(O)C(C1)O)(C)CC2))CC3))C=C4)),0
NNC(=O)c1ccncc1,0
COc1cccc(C(=O)Nc2ccc(-c3nc4ccccc4[nH]3)cc2)c1,0
CCOC(=O)N,0
CC1(C)S[C@@H]2[C@H](NC(=O)[C@@H](N)c3ccc(O)cc3)C(=O)N2[C@H]1C(=O)O,0
O=C(C1(=C(O)C=C(OC)C=C1))C2(=C(O)C=CC=C2),0
Cc1c(O)c(O)cc2c1CC3OC34[C@@]2(C)CC[C@@]5(C)C6C[C@@](C)(CC[C@]6(C)CC[C@]45C)C(=O)O,0
CCC(CCC(C)[C@H]1CCC2C3CC=C4C[C@@H](O)CC[C@]4(C)C3CC[C@]12C)C(C)C,0
OC(=O)CCC(=O)c1ccc(cc1)c2ccccc2,0
Cc1nn(Cc2ccccc2)c(Cl)c1C(=O)NC3CCCCCC3,0
Oc1ccc(O)cc1,0
CC1=CCc2c(O)c3C(=O)C=C(C)Oc3cc2OC1,0
CN(C)[C@H]1[C@@H]2[C@@H](O)[C@H]3C(=C(O)[C@]2(O)C(=C(C(=O)N)C1=O)O)C(=O)c4c(O)cccc4[C@@]3(C)O,0
CCN(CC)CCOC(=O)C(C1CCCCC1)c2ccccc2,0
C[Si]1(C)CC[Si](C)(C)OOC2(CCCCCCCCCCC2)OO1,0
BrCCC[P+](C1=CC=CC=C1)(C2=CC=CC=C2)C3=CC=CC=C3.[Br-],0
Clc1ccc(CN2CCN(CC2)C(=O)NCc3occc3)s1,0
Cc1ccc(NC(=O)CC2COc3ccccc3O2)cc1Cl,0
ClC1=C(Cl)C(=O)C(=C(Cl)C1=O)Cl,0
Cc1cc(O)c(C=O)c2Oc3c(OC(=O)c12)c(C)c(O)c4C(=O)OC(O)c34,0
Cc1cc(C)c2c(c1)OCN(Cc1ccccc1Cl)C2,0
O=C(C1(=CC(=CC=C1)C(C(=O)O)C))C2(=CC=CC=C2),0
NS(=O)(=O)c1cc2c(NC(NS2(=O)=O)C3CC4CC3C=C4)cc1Cl,0
FC1=C(CN(CC2=NC=CC=C2)[S](=O)(=O)C3=CC(=C(Cl)C=C3)C#N)C=CC(=C1)Br,0
CC(=CCc1c2OC(C)(C)C=Cc2c(OC(=O)C)c3C(=O)C(=C(Oc13)c4ccccc4)OC(=O)C)C,0
COc1nc(NC(C)C)nc(NC(C)C)n1,0
COc1ccc(cc1OC)-c1nnc2ccc(cn12)-c1cccc(c1)C(C)C,0
COc1ccc2C[C@H]3[C@@H]4CCCC[C@@]4(CCN3C)c2c1,0
CC(=O)NC1SCCC1=O,0
O=C1N2C(N([H])C(C)=C1)=C([H])C(C3=CC=CC=C3)=N2,0
OC1(CCN(CCCC(=O)c2ccc(F)cc2)CC1)c3ccc(Cl)cc3,0
CC1(C)C2C[C@@H](O)[C@]3(C)C(CC[C@@]4(C)[C@@H](OC(=O)C=C34)c5cocc5)[C@@]2(C)CCC1=O,0
Clc1ccc(cc1)C(OCCN2CCCCC2)c3ccccc3,0
Nc1c2C(O)CCCc2nc3ccccc13,0
O=C(O)C(NC(=O)C)CC(=O)NC(C(=O)O)CCC(=O)O,0
O=C1N2C(N(C(C3=CC=CC=C3)=C1)[H])=C(C([H])=N2)[H],0
Cc1ccc2oc(nc2c1)c3cc(NC(=O)Cc4ccccc4)ccc3Cl,0
C[C@@]1(O)C[C@@H](C1)c2nc(c3ccc4ccc(nc4c3)c5ccccc5)c6c(N)nccn26,0
CC(C)CNS(=O)(=O)c1ccc(CCC(=O)Nc2ccc(Cl)cc2C)cc1,0
O=C1C(CC2CCC(C(C)(C)C)CC2)=C(C(C3=C1C=CC=C3)=O)O,0
C[C@](N)(Cc1ccc(O)c(O)c1)C(=O)O,0
O=C1(OC(C)(C)C(N1C)=O),0
C[N+]1(C)[C@H]2CCC1C[C@@H](C2)OC(=O)C(O)c3ccccc3,0
CCC(=O)O[C@H]1CCC2C3CCc4cc(O)ccc4C3CC[C@]12C,0
Oc1ccnc(S)n1,0
CCCCCCCCCCCCCCCCCC(=O)OC(CC(=O)O)C[N+](C)(C)C,0
CCCc1cc(O)c2c3c(c(=O)oc2c1)CN(C)CC3,0
[Cl-].O2(CCN(CCCOC1(=CC=C(OCCCC)C=C1))CC2),0
Clc1ccccc1C(c2ccccc2)(c3ccccc3)n4ccnc4,0
Cn1ccnc1CNCCS(=O)(=O)c2cccc(Nc3ccc(cn3)c4cccc(F)c4)c2,0
CCCCc1nc(Cl)c(CO)n1Cc2ccc(cc2)c3ccccc3c4nn[nH]n4,0
CC1(C)[C@H](O)C=C[C@]2(C)C3CC[C@@]4(C)[C@@H](OC(=O)C=C4[C@]3(C)OC(=O)CC12)c5cocc5,0
CCC(C)C(OC(=O)C)C(=O)O[C@H]1[C@H](OC=O)C(C(=C)C2(O)C(=O)C[C@@H](c3cocc3)[C@]12C)[C@@]4(C)[C@H](CC(=O)O[C@](C)(COC(=O)C)C4CC(=O)OC)OC(=O)C,0
CC(=O)Oc1ccc2C3c4cc(OC(=O)C)c(OC(=O)C)c(OC(=O)C)c4CC3(O)COc2c1OC(=O)C,0
*C(C#N)(C#N)CC1=CC=C(OC)C=C1,0
C(N1CCOCC1)c2cc(n[nH]2)c3ccc(Oc4ccccc4)cc3,0
CCc1nc2ccc(Cl)cn2c1C(=O)NCc3ccc(cc3)N4CCC(CC4)c5ccc(OC(F)(F)F)cc5,0
C[C@]12CCC3C(CCC4=CC(=O)CC[C@H]34)C1CC[C@@]2(O)C#C,0
OCc1ccccc1O,0
Oc1nc2ccccc2n1C3CCN(CCCC(c4ccc(F)cc4)c5ccc(F)cc5)CC3,0
C=S(=C)(C1=CC=C(C)C=C1)N1CC(=O)N2CCC3=CC(O)=C(O)C=C3C2C1,0
C1=CC=C2C(=C1)NC3=CC=CC=C3S2,0
COc1cc2OC[C@H]3Oc4c(CC=C(C)C)c(O)ccc4C(=O)[C@H]3c2cc1OC,0
CN(C(=O)CN(CCO)CC(=O)N(C)C(C)(C)Cc1ccccc1)C(C)(C)Cc2ccccc2,0
Oc1cc2OC(=CC(=O)c2c(O)c1O)c3ccccc3,0
OC1CCCCC1C1(NC(=S)Nc2ccccc2)CCCCC1,0
Oc1ccc(cc1)C(=O)\C=C\c2ccccc2,0
CN1N(C(=O)C(=C1C)NC(=O)c2cccnc2)c3ccccc3,0
COc1cc(O)c2C(=O)c3c(O)cc(C)cc3C(=O)c2c1,0
S2(C(C(=O)C1(=CC=C(C(C(=O)O)C)C=C1))=CC=C2),0
S1(SCCC(=O)NC(C(=O)NC(C(=O)NC(C(NC(C(NC(C1)C(=O)N2(C(C(=O)NC(C(=O)NCC(=O)N)CCCN=C(N)N)CCC2))=O)CC(=O)N)=O)CCC(=O)N)CC3(=CC=CC=C3))CC4(=CC=C(O)C=C4)),0
CC12CC3CC(C)(C1)CC(N)(C3)C2,0
O=C3(C=C2(C=CC4(C1(C(C(C(=O)C)CC1)(C)CCC4(C2(C)CC3))))),0
C[C@H]1[C@H]2CCC3C4CC=C5C[C@H](CC[C@]5(C)C4CC[C@]23CN1C)N(C)C,0
O=C(NC1CCCCC1)C(c1cccs1)N(CCc1ccccc1)C(=O)c1ccco1,0
COc1cc(OC)c2C[C@H](O)[C@H](Oc2c1)c3ccc(OC)c(OC)c3,0
O=S(=O)(C1=CC=CN=C1)N1CCN(C2=NN=C(C3=CC=CS3)C=C2)CC1,0
CCOC(=O)[C@H](CCc1ccccc1)N[C@@H](C)C(=O)N2CCC[C@H]2C(=O)O,0
O[C@H]1C=C2CCN3Cc4cc5OCOc5cc4C([C@@H]1O)C23,0
CC1CCC(CC1)NC(=O)N(CCCl)N=O,0
COc1ccc(C(=O)C2CC2c2ccc(Cl)cc2)cc1,0
[O-][N+](=O)c1nccn1CC(=O)NCc2ccccc2,0
ClC1=CC=C(Cl)C(=C1)C2=CC=C(O2)\C=C(C#N)\C(=O)NC3=CC=CC4=C3C=CC=N4,0
CCOC(=O)c1c(C)n(-c2ccccc2)c2ccc(OC(=O)c3cc(OC)c(OC)c(OC)c3)cc12,0
C[n+]1cc2c3OCOc3ccc2c4ccc5cc6OCOc6cc5c14,0
CCCCCCCCCCCC1=C(O)C(=CC(=O)C1=O)O,0
CCOC(=O)c1cc(on1)c2csc(Nc3c(C)cc(C)cc3C)n2,0
COc1ccc(cc1)C2C(=O)c3ccccc3C2=O,0
Nc1ccc(C(=O)O)c(O)c1,0
COc1ccc2C(=O)C(Cc3ccc(OC)c(O)c3)COc2c1,0
O=C(NCC1Cc2cccc(-c3ccncc3)c2O1)c1csc2c1CCCC2,0
C1N2CN3CN(CN1C3)C2,0
CS(=O)(=O)c1ccc(cc1)[C@@H](O)[C@@H](CO)NC(=O)C(Cl)Cl,0
CN1c2ccccc2N(C)C1c1ccc2c(c1)OCO2,0
CC(NC1=C2C(N(C)C3=C1C=C(Cl)C=C3)=NC4=CC=CC=C42)CCCN(CC)CC,0
CN1CCc2c(C1)c3ccccc3n2Cc4ccccc4,0
CC(C)[C@@H]1CC[C@@H](C)C[C@H]1OC(=O)c2ccccc2,0
COc1ccc2C[C@@H]3N(C)CCc4cc(OC)c(OC)c(c34)c2c1O,0
COc1ccc(cc1)C(=O)CC(=O)c2ccc(cc2)C(C)(C)C,0
OC(CN1C=NC=N1)(CN1C=NC=N1)C1=CC=C(F)C=C1F,0
O=C(Nc1cccc(C2=NCCN2)c1)Nc1cccc(C2=NCCN2)c1,0
CC(=O)C1=C(O)C2C3C(Cc4cccc5[nH]cc3c45)C(C)(C)N2C1=O,0
CC(=O)Nc1c(I)cc(I)c(C(=O)O)c1I,0
C[C@H]1OC(C(O)[C@@H]1O)N2C=C(F)C(=O)NC2=O,0
COc1cc2Cc3cc(OC)c(OC)cc3Cc4cc(OC)c(OC)cc4Cc2cc1OC,0
COc1cccc(NC(=O)c2c3CCCc3sc2NC(=O)c4cccnc4)c1,0
NC[C@H]1O[C@H](O[C@@H]2[C@@H](N)C[C@@H](N)[C@H](O[C@H]3O[C@H](CO)[C@@H](O)[C@H](N)[C@H]3O)[C@H]2O)[C@H](N)[C@@H](O)[C@@H]1O,0
CCCCCCc1cc2cc(-c3csc(C=Cc4ccccc4)n3)c(=O)oc2cc1O,0
CC(C)(C=C)c1c2Oc3c(O)c(O)ccc3C(=O)c2c(O)c4C=CC(C)(C)Oc14,0
COc1cc(CN2CCC3(CC2)C=Cc4ccccc34)cc5OCOc15,0
ClC3(=CC=2(N(C1(=C(C=CC=C1)SC=2C=C3))CCCN4(CCN(CCO)CC4))),0
OC1=C(Oc2cc(O)cc(O)c2C1=O)c3ccc(O)c(O)c3,0
Cc1cnc(CCNC(=O)c2cc(cs2)c3ccc(Cl)cc3)[nH]1,0
O=C4(N1(C(C2(=NC3(=CC=CC=C3(C=C2(C1)))))=CC5(=C4COC(C5(O)CC)=O))),0
COC1=C(Oc2cc(O[C@H]3O[C@H](CO)[C@@H](O)[C@H](O)[C@H]3O)c(OC)c(O)c2C1=O)c4ccc(OC)c(O)c4,0
CC1(C)OC(=O)NC1=O,0
CC[N+](CC)(CC)CCOc1cccc(OCC[N+](CC)(CC)CC)c1OCC[N+](CC)(CC)CC,0
CCCCC(=O)O[C@@]1([C@@H](C)CC2C3CCC4=CC(=O)C=C[C@]4(C)[C@@]3(F)C(O)C[C@]12C)C(=O)CO,0
CC(C)N(Cc1ccccn1)Cc2csc(n2)c3oc(C)cc3,0
Cc1ccc(C(=O)c2oc3ccc4c(C)cc(=O)oc4c3c2C)cc1,0
OCCN1C[C@@H](O)[C@@H](O)C(O)C1CO,0
O=S(=O)(C1=CC=CC(F)=C1)N1CCN(C2=CC=C(NC3=CC=CN=C3)N=N2)CC1,0
CCN1C=C(C(=O)O)C(=O)c2cnc(nc12)N3CCNCC3,0
O=C1C(=O)N2CCC3=CC=CC=C3C2CN1C(=O)C1CCCC1,0
CC(C)(C)NC[C@@H](O)COc1nsnc1N2CCOCC2,0
CCN1C=C(C(=O)O)C(=O)c2cc(F)c(N3CCNC(C)C3)c(F)c12,0
O=C(Nc1ccccc1N2CCOCC2)[C@@H](Cc3ccccc3)NC(=O)c4cccs4,0
O=C1C2=C(C(COC(NC3=CC=CC=C3)=O)=CC=C2NCCN(CC)CC)SC4=CC=C([H])C=C41,0
OCC(O)CN1CCN(CC1)c2ccccc2,0
COc1cccc(Nc2nc(N)c3ccccc3n2)c1,0
CCOc1ccc(cc1)C(=O)c2ccc(O)c(O)c2O,0
CN1C(=O)N(C)c2ncn(CC(O)CO)c2C1=O,0
OCC(O)CC(O)CCCCCCCCCCCC#C,0
c1ccc2[nH]c(nc2c1)c3cscn3,0
OCC(O)C(O)C(O)C(O)C(O)CO,0
CC(CN(C)C)CN1c2ccccc2Sc3ccccc13,0
CSc1nc(NC(C)C)nc(NC(C)C)n1,0
CC12CCC3C(CCC4(O)CC(O)CCC34\C=N\NC(=O)N)C1(O)CCC2C5=CC(=O)OC5,0
CC(=O)OCC(COC(=O)C)OC(=O)C,0
Cc1ccc(-c2cc3c(SCC(=O)Nc4cc(C(F)(F)F)ccc4Cl)nccn3n2)cc1,0
Nc1ncnc2c1ncn2[C@@H]3O[C@H](CO)[C@@H](O)[C@@H]3O,0
CCC(C)C(=O)O[C@H]1[C@H](O)C2C(CN3CC(C)CCC3[C@@]2(C)O)C4C[C@]56O[C@]7(O)C(CC[C@@]5(C)C7C(OC(=O)C)[C@@H](OC(=O)C)C6[C@]14O)OC(=O)C(C)(O)CC,0
COc1cc(OC)cc(C(=O)Nc2ccc(-c3nc4ccccc4[nH]3)cc2)c1,0
Nc1ccc(cc1)S(=O)(=O)Nc2ccccn2,0
O=C(O)C=CC(=O)O.N1(=C(C=CC=C1)C(C2(=CC=CC=C2))CCN(C)C),0
CNc1ccccc1C(=O)N2CCc3c([nH]c4ccccc34)C2=O,0
C(Nc1[nH]cnc2ncnc12)c3occc3,0
Clc1ccc(COC(Cn2ccnc2)c3ccc(Cl)cc3Cl)c(Cl)c1,0
COC(=O)C[C@H]1C(C)(C)C(=O)[C@@H]2CC3C(CC[C@@]4(C)[C@@H](OC(=O)C=C34)c5cocc5)[C@@]1(C)C2=O,0
CC(=O)Nc1ccc(NC(=O)c2cc([nH]n2)c3cc(Cl)ccc3O)cc1,0
C[N+]1(C)CCCC(C1)OC(=O)C(O)(c2ccccc2)c3ccccc3,0
COC1=CC=C([C@]23OO[C@]45OC(C)(CC4C25)O3)C=C1,0
COc1ccc(cc1c2cn(nn2)c3cccc(c3)C4=NCCN4)C5=NCCN5,0
[Cl-].O=C2(NC1(=C(C(OCC(O)CNC(C)(C)C)=CC=C1)CC2)),0
COC1=C(Oc2cc(OC)ccc2C1=O)c3ccccc3,0
CC(=O)Oc1cc2c(CC=C3[C@@]2(C)CC[C@@]4(C)C5C[C@@](C)(CC[C@]5(C)CC[C@]34C)C(=O)O)c(C)c1OC(=O)C,0
COC(=O)Nc1nc2cc(Sc3ccccc3)ccc2[nH]1,0
CCCCCC(O)C1C(O)CC(O)CC(O)CC(O)CC(O)CC(O)CC(O)\C(=C\C=C\C=C\C=C\C=C\C(O)C(C)OC1=O)\C,0
NC(=O)NC1NC(=O)NC1=O,0
Clc1ccc2Oc3ccccc3N=C(N4CCNCC4)c2c1,0
Oc1cc2C(=O)Oc3c(O)c(O)cc4C(=O)Oc(c1O)c2c34,0
CC1(C)CC2C1CCC(=C)C(O)CCC2=O,0
C[N]1C2=C(C(=O)C(CC2)C[N]3C=CN=C3C)C4=C1C=CC=C4,0
CSCCC(NC=O)C(=O)NC(C)C(=O)O,0
Clc1cccc(Cl)c1NC2=NCCN2,0
CC(=CCc1c(O)cc2OC(=CC(=O)c2c1O)C)C,0
CC(=O)O[C@H]1C[C@@H](O)C(C)(C)C2C[C@@H](OC(=O)C)[C@]3(C)C(CC[C@@]4(C)[C@@H](OC(=O)C5OC345)c6cocc6)[C@@]12C,0
C1=CC=C(C2=CC=C(C(C3=CC=CC=C3)N3C=CN=C3)C=C2)C=C1,0
C(C1=NCCN1)c2cccc3ccccc23,0
CCCc1c(C)nc2ccc(Br)cc2c1O,0
CC(=O)NC[C@H]1CN(C(=O)O1)c2ccc(N3CCSCC3)c(F)c2,0
COC(=O)C[C@H]1C(C)(C)C(=C2CC3=C4CC(=O)O[C@@H](c5cocc5)[C@]4(C)CCC3[C@@]1(C)C2=O)OC,0
COc1ccc2cc3c4cc5OCOc5cc4CC[n+]3cc2c1OC,0
CC1(C)C2CC(N)C(=C)C1C2,0
CC1=C(CCN2CCC(=C(c3ccc(F)cc3)c4ccc(F)cc4)CC2)C(=O)N5C=CSC5=N1,0
CC(Oc1ccc(NC(=O)c2cccs2)cc1)C(=O)c1ccc(Cl)cc1,0
C[N+]1(C)C2CC(CC1C3OC23)OC(=O)[C@@H](CO)c4ccccc4,0
CS(=O)(=O)N1CCC(CCn2nc(Cc3cccc4ccccc34)c3c(N)ncnc23)CC1,0
CCCc1cc(O)nc(S)n1,0
C=CC12CCN(CC1)C(C(O)c1ccnc3ccc(OC)cc13)C2,0
ClC(Cl)C(=O)NC(C(O)C1(=CC=C(S(=O)(=O)C)C=C1))CO,0
COc1ccc(-c2cc(=O)oc3c4c(ccc23)OCN(Cc2ccc(F)cc2)C4)cc1,0
OCCOCCN1CCN(CC1)C(c2ccccc2)c3ccc(Cl)cc3,0
OC(=O)c1cccnc1,0
Cc1cc2nc(NC(=O)C(C)(C)C)nc(Cl)c2n1Cc1ccc(Cl)cc1,0
Cc1ccc2c(NC(=O)C23NN=C(S3)c4ccccc4)c1C,0
CCCCN(CCCC)S(=O)(=O)c1ccc(NC(=O)c2ccco2)cc1,0
Cc1ncc(CNC(=O)N(CCCl)N=O)c(N)n1,0
COCCn1c(C)nc2ccccc2c1=O,0
[Na+].O=[N+]([O-])C3(=CC=C(C=2(OC(C=NN1(C(=O)[N-]C(C1)=O))=CC=2))C=C3),0
c1ccc(Cn2c(N=Nc3c(Nc4ccccc4)ccc4ccccc34)nc3ccccc32)cc1,0
C\C(=C\C(=O)O)\C=C\C1(O)C(=CC(=O)CC1(C)C)C,0
N1/C(C)([H])C(=O)NC2C(\C=1\C1C(=CC=CC=1)*)=CC(=CC=2)/N=N/C1C2=C(C(*)=CC=1)C=CC=C2,0
CC(=O)\C=C/[C@H]1[C@](C)(O)CCC2C(C)(C)CCC[C@]12C,0
CCOC(=O)CNC(=O)CCC1C2(C)OOC1(C)OO2,0
CN1CCC(=C2c3ccccc3CC(=O)c4sccc24)CC1,0
CCCCSP(=O)(SCCCC)SCCCC,0
COC(=O)C[C@H]1C(C)(C)C2(O)OC34CC2C(=O)[C@]1(C)C3CC[C@@]5(C)[C@@H](OC(=O)C=C45)c6cocc6,0
CC(=O)O[C@]1(CCC2C3CCC4=CC(=O)CC[C@@H]4C3CC[C@]12C)C#C,0
Oc1ccc2C(=O)c3ccccc3C(=O)c2c1O,0
CCOC(=O)OC(C)OC(=O)C1N2C(SC1(C)C)C(NC(=O)[C@H](N)c3ccccc3)C2=O,0
OC(=O)c1ccc(cc1)S(=O)(=O)N(Cl)Cl,0
FC(F)(F)c1cccc(c1)c2nc3c(NCc4ccncc4)nccc3[nH]2,0
COc1ccc(NS(=O)(=O)c2ccc(N)cc2)nn1,0
Oc1ccccc1C(=O)Nc2ccccc2,0
CC(C)CC(=O)OC1C(O[C@@H]2C[C@H]([C@H]3CC[C@@]45CC(CC[C@H]4[C@]3(C)C2)C(=C)[C@@H]5O)C(=O)O)OC(CO)C(OS(=O)(=O)O)C1OS(=O)(=O)O,0
C\C(=C/CO)\C=C\C=C(/C)\C=C\C1=C(C)CCCC1(C)C,0
CC1(C)[C@H](O)C[C@H](O)[C@]2(C)C3CC[C@@]4(C)[C@@H](OC(=O)C5OC45[C@]3(C)C(=O)CC12)C(=O)O,0
CC(=O)O[C@@H]1CC2C(C)(C)[C@H](O)C=C[C@]2(C)C3CC[C@@]4(C)[C@@H](OC(=O)C5OC45[C@]13C)c6cocc6,0
CC(C)(C)C(=O)Nc1ccc(C(=O)Nc2cccc(-c3nc4ccccc4[nH]3)c2)cc1,0
CCCCC1C(=O)N(N(C1=O)c2ccccc2)c3ccccc3,0
Nc1c(Br)cc(Br)cc1CNC2CCC(O)CC2,0
Oc1cc(O)c2C[C@@H](OC(=O)c3cc(O)c(O)c(O)c3)[C@H](Oc2c1)c4cc(O)c(O)c(O)c4c5c(O)c(O)c(O)cc5[C@H]6Oc7cc(O)cc(O)c7C[C@H]6OC(=O)c8cc(O)c(O)c(O)c8,0
CCc1ccc(CNCC(O)c2ccccc2)cc1,0
CNCCCN1c2ccccc2CCc3ccccc13,0
CO\N=C(/C(=O)OC)\c1ccccc1CO\N=C(/C)\c2cccc(c2)C(F)(F)F,0
O=C(Nc1ccc(-c2nc3ccccc3[nH]2)cc1)c1ccc(Cl)c(Cl)c1,0
CC(C)[C@@H](C)\C=C\[C@@H](C)C1CC[C@H]2\C(=C\C=C/3\C[C@@H](O)CCC3=C)\CCC[C@]12C,0
COc1ccc(cc1)C2=CC(=O)c3ccccc3O2,0
COc1cc(C\C=C\c2ccccc2)c(OC)cc1O,0
C[N+]12CCC(CC1)C(C2)OC(=O)C(O)(c3ccccc3)c4ccccc4,0
COC(=O)/C1=C(\NC(=O)C2=CC3=C(C=CC=C3)OC2=O)SC2=C1CCN(CC1=CC=CC=C1)C2,0
CCCCN1CCCCC1C(=O)Nc2c(C)cccc2C,0
FC(F)(F)c1ccc(cc1)N2CCN(CC2)C(=O)[C@@H](c3ccc(Cl)cc3)c4cccnc4,0
CC(CCC=C(C)C)[C@@H]1CC[C@]2(C)C3=C(CC[C@@]12C)C4(C)CC[C@H](O)C(C)(C)C4CC3,0
Oc1ccc(-c2nc(-c3ccc4oc5ccc(-c6[nH]c(-c7ccc(O)cc7)nc6-c6ccccc6)cc5c4c3)c(-c3ccccc3)[nH]2)cc1,0
CN(C)c1ccc(N2C(N)=NC(N)=NC2(C)C)cc1,0
COc1ccc(Nc2ccccc2NC(=O)c3ccc(O)nc3)cc1,0
O=C(O)C(NC(=O)C)CC(C)C,0
CC(C)C1NC(=O)C(NC(=O)C2=C(N)C(=O)C(=C3Oc4c(C)ccc(C(=O)NC5C(C)OC(=O)C(C(C)C)N(C)C(=O)CN(C)C(=O)C6CCCC6C(=O)C(NC5=O)C(C)C)c4N=C23)C)C(C)OC(=O)C(C(C)C)N(C)C(=O)CN(C)C(=O)C7CCCC7C1=O,0
CCOc1ccc(cc1)C(=O)c2cc(O)c(OC)c(OC)c2O,0
Clc1cccc(Cl)c1C#N,0
COc1ccc2C(=O)C(=COc2c1)c3ccc(OC4OC(CO)C(O)C(O)C4O)cc3,0
CC12OOC(OO1)C2CC1CO1,0
COc1cc(OC)cc(OC)c1,0
CC[C@]12OO[C@]3(C)OOC31C2CC1=CC=C(C)C=C1,0
O=C(NC1=CC=NN1CC1=CC=CC=C1)C1=CC([N+](=O)[O-])=CC=C1,0
COc1ccc(Nc2nc(N/N=C/c3ccc(O)cc3)nc(Nc3ccc([N+](=O)[O-])cc3)n2)cc1,0
Nc1ccn([C@@H]2O[C@H](CO)[C@@H](O)[C@H]2O)c(=O)n1,0
COC(=O)Nc1nc2cc(ccc2[nH]1)C(=O)c3ccccc3,0
CCOC(=O)c1c(C)cc(O)c(C)c1O,0
COc1ccc(C(=O)Nc2nonc2-c2ccc(OC)c(OC)c2)cc1Cl,0
Cc1nn(C)c(C)c1NS(=O)(=O)c2c(Cl)cc(cc2Cl)c3ccnc(c3)N4CCNCC4,0
Cn1c(=O)c2cc(C(=O)NCCCN3CCCCCC3)sc2c2ccccc21,0
CCCCCCOC(=O)C1=C(C)NC(=O)NC1c1ccccc1F,0
C[N+](C)(C)CCO,0
COc1ccccc1N2CCNCC2,0
CCC[C@H]1CC2=C(C[C@@H](CC)CC3=C1C(=O)OC3=O)C(=O)OC2=O,0
N[C@H]([C@@H](O)[C@H](O)[C@H](O)CO)C(=O)O,0
CNC(=O)O\N=C(\C)/SC,0
O[C@@H]1Cc2c(O)cc(O)cc2O[C@@H]1c3cc(O)c(O)c(O)c3,0
COc1ccc(C(=O)c2ccccc2)c(O)c1,0
CC(=O)O[C@H]1CC[C@]2(C)C3CC[C@@]4(C)C(OC(=O)C=C4[C@]3(C)[C@H](CC2C1(C)C)OC(=O)C)c5cocc5,0
CC(=CCCC1(C)Oc2c(CC=C(C)C)c3OC45C(CC6CC4C(C)(C)OC5(C\C=C(\C)/C(=O)O)C6O)C(=O)c3c(O)c2C=C1)C,0
CO[C@@H]1[C@@H](O)[C@H](C)O[C@@H](O[C@H]2CC[C@@]3(C)[C@H](CCC4C3CC[C@]5(C)C(CC[C@]45O)C6=CC(=O)OC6)C2)[C@H]1O,0
CC(=O)O[C@@H]1CC2C(C)(C)[C@@H](O)CCC2(C)C3CC[C@@]4(C)[C@@H](OC(=O)C=C4C13C)c5cocc5,0
OC1=C2C(=Nc3ccccc3SC2c2ccc(Br)cc2)c2ccccc21,0
N#Cc1nc(Cc2cccc3ccccc23)oc1N1CCN(C(c2ccccc2)c2ccccc2)CC1,0
COc1ccccc1OCCNCC(O)COc2cccc3[nH]c4ccccc4c23,0
COc1ccccc1N1C(=N)SC(=Cc2ccc(OCc3ccccc3F)cc2)C1=O,0
COc1cccc2c1CCC3CC(=O)CC[C@]23C,0
OC(=O)CF,0
NCCC(=O)N[C@@H](Cc1c[nH]cn1)C(=O)O,0
COc1ccc2C(=O)C=C(Oc2c1)c3ccccc3OC,0
CN(C)CC[C@H](c1ccc(Cl)cc1)c2ccccn2,0
CSc1ccccc1C(=O)Nc1nc(-c2ccccn2)cs1,0
Cc1cc(O)cc(O)c1C(=O)O,0
Cc1cc(=O)oc2c1ccc1oc(C(=O)c3ccccc3)c(C)c12,0
COc1ccc(CN2CCN(Cc3ccccc3)CC2)c(O)c1,0
O(c1ccccc1)c1ccc(cc1)-c1cncc(n1)-c1ccc2[nH]ccc2c1,0
COc1ccc2C(=O)C(=COc2c1)CC(=O)O,0
OC(=O)CCC(=O)Nc1ccc(cc1)S(=O)(=O)Nc2nccs2,0
Cc1ncc([N+](=O)[O-])n1CCO,0
O=C1N([Se]c2ccccc12)c3ccccc3,0
COC1CC2=C3C[C@H]4C(=O)C(C)(C)[C@H](CC(=O)OC)[C@@](C)(C3CC[C@@]2(C)[C@@H](O1)c5cocc5)C4=O,0
COc1ccc(C(=O)Nc2ccc3nc(N4CCCCC4)cc(C)c3c2)cc1OC,0
COc1ccc(cc1)C2=COc3c(OC)c(OC)ccc3C2=O,0
COc1cc2CCN3Cc4c(CC3c2cc1OC)ccc(OC)c4OC,0
CN(C)c1ccc(-c2nc3cc(N)ccc3[nH]2)cc1,0
Oc1cccc2Cc3cccc(O)c3C(=O)c12,0
CCOC1=C(C(=O)NC2=CC(C)=NN2C2=NC(C)=CC(=O)N2)C2=CC=CC=C2C=C1,0
[H]C1(C)/N=C(/C2=CC=CC=C2Cl)C2=CC(/N=N/C3=C(O)C(C)=CC(C)=C3)=CC=C2NC1=O,0
COc1ccc(C(=O)c2ccccc2O)c(O)c1,0
CC1(COc2ccc(cc2)N3CCC(CC3)Oc4ccc(OC(F)(F)F)cc4)Cn5cc(nc5O1)N(=O)=O,0
COc1ccc(cc1)C2=COc3c(OC)c(OC)cc(OC)c3C2=O,0
C(\C=C\N1CCN(CC1)C(c2ccccc2)c3ccccc3)c4ccccc4,0
CN(C(=S)Oc1ccc2ccccc2c1)c3cccc(C)c3,0
O=C1C2=C(C(COOC(C)=N)=CC=C2NCCN(CC)CC)SC3=CC=C([H])C=C31,0
NC(=O)c1ccc(cc1)c2nc(cnc2N)c3ccc(cc3)C#N,0
COc1ccc(cc1O)C2=CC(=O)c3c(O)c(OC)c(OC)cc3O2,0
Cc1cc(N)c2ccccc2[n+]1CCCCCCCCCC[n+]3c(C)cc(N)c4ccccc34,0
N[C@@H](CCC(=O)N[C@@H](CS)C(=O)NCC(=O)O)C(=O)O,0
CON,0
CC(=O)NCC1CN(C(=O)O1)c2ccc(c(F)c2)c3ccc(CO)cc3,0
CCC1=C([NH]C2=C1C=C(Cl)C=C2)C(=O)NCCC3=CC=C(C=C3)N4CCCCC4,0
O=C4(C=C2(C(C1(C(O)CC3(C(C(=O)C)CCC3(C1CC2C))(C)))(C)CC4)),0
CC[C@H]1OC(=O)[C@H](C)[C@@H](O[C@H]2C[C@@](C)(OC)[C@@H](O)[C@H](C)O2)[C@H](C)[C@@H](O[C@@H]3O[C@H](C)C[C@@H]([C@H]3O)N(C)C)[C@](C)(O)C[C@@H](C)C(=O)[C@H](C)[C@@H](O)[C@]1(C)O,0
CC12CCC3C(CC=C4CC(O)CCC34C)C1CCC2=O,0
COc1ccc2CC[C@H]3CC(=O)CC[C@]3(C)c2c1,0
CO[C@]1(NC(=O)Cc2cccs2)[C@H]3SCC(=C(N3C1=O)C(=O)O)COC(=O)N,0
CC\C(=C(\CC)/c1ccc(O)cc1)\c2ccc(O)cc2,0
COC(=O)C[C@H]1C(C)(C)[C@@H](O)[C@@H]2CC3C(CC[C@@]4(C)[C@@H](OC(=O)C=C34)c5cocc5)[C@@]1(C)C2=O,0
CCC(Sc1oc2ccccc2n1)C(=O)Nc3nnc(C)s3,0
Nc1ccc(C(=O)Oc2ccccc2)c(O)c1,0
C[N+](C)(C)CC(O)CC(=O)O,0
NC1(CCCC1)C(=O)O,0
O[Hg]C1=C2Oc3cc(O)c(Br)cc3C(=C2C=C(Br)C1=O)c4ccccc4C(=O)O,0
S2(C4(=C(N(CC1(CN(CCC1)C))C3(=C2C=CC=C3))C=CC=C4)),0
COC(=O)[C@@H]1OC(=O)C2OC23[C@@]1(C)CCC4[C@@]5(C)[C@H](C[C@@H](OC(=O)C)C(C)(C)C5C[C@H](O)[C@@]34C)OC(=O)C,0
CC1(C)[C@H](O)CC(=O)[C@@]2(C)C1C[C@@H](O)[C@]3(C)C2CC[C@@]4(C)[C@@H](OC(=O)C5OC345)c6cocc6,0
COc1ccccc1CNC(=O)CCn1c(=O)[nH]c2ccsc2c1=O,0
COC(=O)NC(=S)Nc1ccccc1NC(=S)NC(=O)OC,0
COC(=O)C[C@H]1C(C)(C)[C@@H](OC(=O)C)[C@@]2(CC3=C4CC(=O)O[C@@H](c5cocc5)[C@]4(C)CCC3[C@@]1(C)C2OC(=O)C)OC(=O)C,0
NC(=O)NO,0
CC1=C(CCN2CCC(CC2)C(=O)c3ccc(F)cc3)C(=O)N4C=CC=CC4=N1,0
[Cl-].S4(C(C1(=CC=C(O)C=C1))=C(C(=O)C3(=CC=C(OCCN2(CCCCC2))C=C3))C5(=C4C=C(O)C=C5)),0
Cc1ccc2nc(C)cc(Nc3cccc(C(F)(F)F)c3)c2c1,1
CC(C)CCNCC(O)Cn1c2ccccc2c2ccccc21,1
[Cl-].[Hg]CC1CC2=CC=CC=C2O1,1
CN(C)CCC=C1c2ccccc2C=Cc3ccccc13,1
COc1ccc(Nc2cc(C)nc(NCc3ccccc3)n2)cc1,1
COc1cccc(n1)c2nc3c(cccc3n2CC4CCCN4)N5CCCC5,1
C[C@]12OO[C@](C)(OO1)C2CC(Br)CBr,1
CN(C)CCCN1C2=CC=CC=C2SC3=CC=CC=C31.Cl,1
c1ccc2cc3c(Nc4ccc(N5CCOCC5)cc4)ccnc3cc2c1,1
Cc1ccc(NC(=O)c2nc[nH]c2C(=O)Nc3nc4ccccc4[nH]3)c(C)c1,1
Cc1nc(nc(NCCc2ccc(cc2)S(=O)(=O)C)c1Cl)c3ccccn3,1
Cl.Clc1cc(Br)ccc1-c1ccc(CNCC2CCNCC2)o1,1
CC(=O)C1(CC2=CC=CC=C2)CC[C@]2(C)OO[C@@]1(C)O2,1
c1ccc2c(NCCc3c[nH]c4ccccc34)c3ccccc3nc2c1,1
CCOc1ccc(Nc2c3ccccc3nc3ccccc23)cc1,1
O=C(NCCCN1CCC(N2CCCCC2)CC1)C1=Cc2cc(Br)ccc2OC1,1
CC[Hg]Sc1ccccc1C(=O)O,1
CN1CCN(CC1)CCC=C2C3=CC=CC=C3SC4=C2C=C(C=C4)S(=O)(=O)N(C)C,1
CC(=O)C1(CC2=CC=C(Br)C=C2)CC[C@@]2(C)OO[C@@]1(C)O2,1
CCCCC[N]1C(=C(C(=O)NCCN2CCOCC2)C3=C1N=C4C=CC=CC4=N3)N,1
Cc1cnc(nc1Oc2ccc(cc2)n3ccnc3)N4CCN[C@@H](Cc5ccccc5)C4,1
FC(F)(F)C1(=C(C=CC(=C1)NC(=O)C4(=CC(C#CC=3(N2(N=CC=CC2=NC=3)))=C(C)C=C4))CN5(CCN(C)CC5)),1
CN1CCN(CC1)C(=O)NC(CC2=CC=CC=C2)C(=O)NC(CCC3=CC=CC=C3)C=CS(=O)(=O)C4=CC=CC=C4,1
S=C1N2C(N([H])C(C)=C1)=C(C3=CC=CC=C3)C([H])=N2,1
CC1=C(C2=CC=CC=C2)SSC1S,1
Clc3ccc(NN=C(c1ccccn1)c2ccccn2)nc3,1
Brc1ccc(Nc2nc3ccccc3nc2Nc2ccc(Br)cc2)cc1,1
N#C/C(=N\NC1=C(OCC(F)(F)F)C=CC(C(F)(F)F)=C1)S(=O)(=O)C1=CC=CC=C1,1
CC(C)CC12CC(C)(OO1)OO2,1
O=C(C1CCCCC1)N1CC2N(CCc3ccccc23)C(=O)C1,1
FC(F)(F)c1cccc(c1)C(=O)Nc2oc(nn2)c3ccc(Cl)cc3,1
O=C(Nc1ccc(C23CC4CC(CC(c5ccccc5)(C4)C2)C3)cc1)c1cccs1,1
Cc1c(C)n(Cc2ccc(F)cc2)c2ccc(C(=O)NCc3ccco3)cc12,1
C1CCC(C(CC2CCCCN2)C2CCCCC2)CC1,1
Cn1ncc2c(nc(NCCc3c[nH]c4ccccc34)nc12)N1CCOCC1,1
CC(C)C[C@]12CCCC(C)(O[C@@H](C)OO1)O2,1
CCCCNc1nc(NC(C)(C)C)nc(NC(C)(C)C)n1,1
S1(C3(=C(C(=O)C2(=C1C=CC=C2))C(NCCN(CC)CC)=CC=C3CO)),1
CC(NCCC(c1ccccc1)c1ccccc1)c1ccccc1,1
O=C(N5(CC(N3(N=C(C2(=CC=C(OC1(=CC=CC=C1))C=C2))C=4(C3=NC=NC=4N)))CCC5))C=C,1
[N+](=C3(C=CC(=C(C1(=CC=C(N(CC)CC)C=C1))C2(=CC=CC=C2))C=C3))(CC)CC,1
ClC1(=C(F)C=CC(=C1)NC2(=NC=NC3(=C2C=C(NC(=O)C=CCN(C)C)C(=C3)OC4(COCC4)))),1
CC(C)(C)CC(C)(C)NCC(O)COc1ccc(Cl)cc1Cl,1
COC(=O)c1c2CCCCCc2sc1NC(=O)c3c(F)c(F)c(F)c(F)c3F,1
COC1=CC(C2=NN=C3C=CC(C4=CC=CC(C(C)C)=C4)=CN32)=CC=C1O,1
O=C3(C(C#N)=CC4(C2(=CC(=O)C5(C1(C(C(=O)OC)(CCC(C1)(C)C)CCC5(C2(C)CCC4(C3(C)C))(C)))))(C)),1
Clc1cc(Br)ccc1-c1ccc(CNCC2CCNCC2)o1,1
COc1cc(C(=O)ON=C(N)Cc2cccc3ccccc23)cc(OC)c1OC,1
CCn1cnc2c(Nc3cc(F)cc(F)c3)nc(nc12)C#N,1
Clc1cccc(CO[C@H]2CCc3ccccc3[C@@H]2n4ccnn4)c1,1
COc1ccc(C2NCCc3c2[nH]c2ccccc32)cc1CN1CCN(c2ccc(F)cc2)CC1,1
[Cl-].OC3(C(N2(CCC(C1(=CC=CC=C1))CC2))CCCC3),1
CS(=O)(=O)c1ccc(cc1[N+](=O)[O-])C(=O)N(CC2CCCO2)c3nc4ccccc4s3,1
[O-][N+]1=C(SCC2=C(C3=CC=CC=C3)N=C3C=CC=CN32)C=CC=C1,1
Cc1ccnc(NC(c2cccc(OCc3ccccc3)c2)c2ccc3cccnc3c2O)c1,1
Cc1ccc2nc(C)c(c3ccn(Cc4ccccc4)n3)n2c1,1
COc1cc2c3cc1Oc1c(OC)c(OC)cc4c1C(Cc1ccc(O)c(c1)Oc1ccc(cc1)CC3N(C)CC2)N(C)CC4,1
CCCCCCc1cc2cc(-c3nc4ccccc4[nH]3)c(=Nc3ccccc3C)oc2cc1O,1
CN1CCCCC1CCN2C3=CC=CC=C3SC4=C2C=C(C=C4)SC.Cl,1
CC1=CC=C(CC2C34OOC3(C)OO[C@]24C)C=C1,1
C=CCCC12OO[C@@]1(C)OO[C@H]2C,1
COC1=CC(=CC=C1NC2=C3C=CC=CC3=NC4=C2C=CC=C4)N[S](C)(=O)=O,1
CC(=O)[C@@]1(CC2=CC=C(Br)C=C2)CC[C@@]2(C)OC[C@@]1(C)OO2,1
CN(C)CCC(=O)C1=CC2=C(C=C1)OC(=O)C=C2,1
FC1(F)CCN(CCCCNc2cc(c3cc(ccc3n2)Cl)C(=O)NCCN2CCCC2)CC1,1
CN1C(=O)N(C)c2nsc(c2C1=O)S(=O)(=O)C,1
c1cc(F)ccc1Nc2nc(C)c(C)c(n2)N3CCc4ccccc4C3C,1
CNc1nnc(SC2=C(Cl)C(=O)N(N=C2)c3ccccc3)s1,1
O=C1C(Cl)=C(N2C=C(CO)N=N2)C=NN1C1=CC=CC=C1,1
CCCCc1ccc(NS(=O)(=O)c2cc3c4c(c2)CCN4C(=O)CC3)cc1,1
CC[C@@H]([C@H](C)O)N1N=CN(C1=O)C1=CC=C(C=C1)N1CCN(CC1)C1=CC=C(OC[C@H]2CO[C@@](C2)(CN2C=NC=N2)C2=C(F)C=C(F)C=C2)C=C1,1
CCCCOC(=O)Nc1cc2nc([nH]c2cc1N3CCCC3)C4CCCCC4,1
CN(C)CCCN1C2=CC=CC=C2CCC3=CC=CC=C31.Cl,1
CC(C)(C)CC(C)(C)c1ccc(O)c(Cc2ccc(Cl)cc2Cl)c1,1
CCc1ccc(Nc2cc(C)c3ccc(O)cc3n2)cc1,1
[Cl-].N(C(C1(=CC=CC=C1))C)CCC(C2(=CC=CC=C2))C3(=CC=CC=C3),1
CCOC(=O)C1=C(C)NC(=C(C1C2=C(F)C(=C(F)C(=C2F)F)F)C(=O)OCC)C,1
CC(NCc1ccccc1)c1cc(Cl)ccc1O,1
CC[C@H](C)C(=O)O[C@H]1CCC=C2C=C[C@H](C)C(CCC3C[C@@H](O)CC(=O)O3)[C@@H]12,1
CCN(CC)CCCNc1nc(-c2ccc(Cl)cc2)nc2ccccc12,1
CC(=CCCC1(C)Oc2c(CC=C(C)C)c3OC45C6CC(C=C4C(=O)c3c(O)c2C=C1)C(=O)C5(C\C=C(\C)/C(=O)O)OC6(C)C)C,1
O=C1C(Cl)=C(NC2=CC(O)=CC=C2)C(=O)C2=C1C=CC=C2,1
FC5(=CC=C(CN1(C(=NC2(=C1C=CC=C2))NC4(CCN(CCC3(=CC=C(OC)C=C3))CC4)))C=C5),1
O=c1nc(C=Cc2ccc(Cl)cc2)oc2ccccc12,1
[Cl-].N2(C1(=C(C=CC=C1)CCC3(=C2C=CC=C3)))(CCCNC),1
O=C(O)C1(=C(O)C(=C2(C=CC=CC2(=C1)))CC3(=C(O)C(C(=O)O)=CC4(=C3C=CC=C4))).N=C7(C=CC(=C(C5(=CC(N)=CC=C5))C6(=CC(N)=CC=C6))C=C7),1
[H]C(=NNC(=S)N(C)C)c2nc1ccccc1o2,1
COc1ccc(C[C@H]2NC[C@H](O)[C@H]2OC(=O)C)cc1,1
CN(C)CCCN1c2ccccc2CCc3ccccc13,1
COC1=CC(O)=C(C2=C(C3=CC=C(Cl)C=C3)C(C(F)(F)F)=NO2)C=C1,1
Cc1ccc(Nc2nc(N)c3ccccc3n2)cc1Cl,1
COc1ccc2nc(N)nc(C)c2c1,1
FC4(=CC=C(C(C1(=CC=C(F)C=C1))CCCN3(CCN(CC(=O)NC2(=C(C=CC=C2C)C))CC3))C=C4),1
CCOc1ccc(Nc2ccnc3cc(Cl)ccc23)cc1,1
N=c1n(CCN2CCCCC2)c2ccccc2n1CC(O)c1cccc(Br)c1,1
O=C(NC(c1ccccc1)c1ccc2cccnc2c1O)c1ccccc1,1
ClC1(=C(Cl)C=CC(=C1)NC(=O)NC2(=CC=C(Cl)C=C2)),1
CC(CN1C2=CC=CC=C2SC3=CC=CC=C31)CN(C)C.CC(CN1C2=CC=CC=C2SC3=CC=CC=C31)CN(C)C.C(C(C(=O)O)O)(C(=O)O)O,1
CN(C)CCCNCc1ccc(-c2ccc(F)c(Cl)c2)o1,1
Clc1cccc(NC(=O)c2cnc(N3CCN(CC3)c4ccncc4)c(Cl)c2)c1,1
CC(C)(C)c1ccc(C(=O)Nc2nc3ccccc3s2)cc1,1
N#CC1=[N+]([O-])ON=C1C1=CC=CO1,1
CC(CN1C2=CC=CC=C2SC3=CC=CC=C31)N(C)C.Cl,1
c1ccc2c(NCCCCCCNc3c4c(nc5ccccc35)CCCC4)c3c(nc2c1)CCCC3,1
Cc1ccc(CN2CCC(C(=O)Nc3ccc(-c4cc5ccccc5[nH]4)cc3)CC2)o1,1
CN(C)CCNc1cc(-c2ccccc2)nc2ccccc12,1
CN(C)CCCN1c2ccccc2CCc3ccc(Cl)cc13,1
N#C/C(C=N)=N/NC1=CC(C(F)(F)F)=C(F)C=C1,1
COCCNCC(O)Cn1c2ccc(Cl)cc2c2cc(Cl)ccc21,1
COc1ccc(CCNC(=O)c2cc(S(=O)(=O)N3CC(C)CC(C)C3)ccc2Sc2ccc(F)cc2)cc1OC,1
C[C@H]1CC[C@]2(NC1)OC3C4CCC5C[C@H](CC[C@]5(C)C4CC[C@]3(C)[C@@H]2C)O[C@H]6O[C@H](CO)[C@H](O[C@H]7O[C@H](CO)[C@@H](O)[C@H](O[C@H]8OC[C@@H](O)[C@H](O)[C@H]8O[C@H]9O[C@H](CO)[C@@H](O)[C@H](O)[C@H]9O)[C@H]7O)[C@H](O)[C@H]6O,1
CC1C2(C)OOC1(CC13CC4CC(CC(C4)C1)C3)OO2,1
ClC1=CC(=CC=C1)C2=N[N](C=C2CNCC3=CC=CO3)C4=CC=CC=C4,1
CCCCCN1C(O)=NN=C1SC1=NC=C([N+](=O)O)S1,1
COc1cccc(-c2nn(C)c3sc(C(=O)NCCN4CCN(c5ccccc5F)CC4)cc23)c1,1
CNCCC(Oc1ccc(cc1)C(F)(F)F)c2ccccc2,1
CN(CC(=O)NC1=C(SCC#N)C=CC=C1)CC2=CC=C(O2)C3=CC=C(Br)C=C3,1
CCC1NC(=O)C(C(O)C(C)C\C=C\C)N(C)C(=O)C(C(C)C)N(C)C(=O)C(CC(C)C)N(C)C(=O)C(CC(C)C)N(C)C(=O)C(C)NC(=O)C(C)NC(=O)C(CC(C)C)N(C)C(=O)C(NC(=O)C(CC(C)C)N(C)C(=O)CN(C)C1=O)C(C)C,1
C[C@@H]1OOC2(C)OOC1C2C12CC3CC(CC(C3)C1)C2,1
C1=CC=C(OC2=CC=C(C3=CN=CC(C4=CC5=C(C=C4)NC=C5)=N3)C=C2)C=C1,1
COc1ccc(cc1)-c1cnc2cnc(cn12)-c1cccc(OC(C)C)c1,1
CCN(CC)CCNc1ccc(CO)c2Sc3ccccc3C(=O)c12,1
CN1CCC(=C2C3=CC=CC=C3SC4=CC=CC=C42)CC1.C(=CC(=O)O)C(=O)O,1
CC(=O)C1(CC2=CC=C(Cl)C=C2)CC[C@@]2(C)OC[C@@]1(C)OO2,1
C(Nc1cccnc1)c2ccc(s2)c3cc4ccncc4cc3OC5CCNCC5,1
CN1CCN(CC1)CCCN2C3=CC=CC=C3SC4=C2C=C(C=C4)Cl.C(=CC(=O)O)C(=O)O.C(=CC(=O)O)C(=O)O,1
CC12OOC(OO1)C2C12CC3CC(CC(C3)C1)C2,1
CC(=O)OC1C(CNC1CC2=CC=C(C=C2)OC)O,1
O=C(C1CCCCC1)N2CC3N(CCc4ccccc34)C(=O)C2,1
CN(C)CCCN1C2=CC=CC=C2CCC3=C1C=C(C=C3)Cl.Cl,1
CC(C)N=C1C=C2N(c3ccc(Cl)cc3)c4ccccc4N=C2C=C1Nc5ccc(Cl)cc5,1
O=C(CCc1ccccc1)c1ccccc1OCC(O)CN1CCCCC1,1
CCN(CC)CCCC(C)NC1=C2C=C(C=CC2=NC3=C1C=CC(=C3)Cl)OC.Cl,1
O=C6(OC=C(C5(C4(C(O)(C3(C(C2(C(=CC(OC1(OC(C(O)C(C1O)O)C))CC2)CC3)(C))CC4))CC5)(C)))C=C6),1
CCN(CC)C(C)CN1C2=CC=CC=C2SC3=CC=CC=C31.Cl,1
CN(C)CCC=C1C2=CC=CC=C2C=CC3=CC=CC=C31.Cl,1
CC[C@@H]([C@H](C)O)N1N=CN(C1=O)c2ccc(cc2)N3CCN(CC3)c4ccc(OC[C@@H]5CO[C@](Cn6cncn6)(C5)c7ccc(F)cc7F)cc4,1
Clc1ccc(SCc2cc(N3CCOCC3)nc(-c3ccccn3)n2)cc1,1
O=C1C(Cl)=C(Cl)C2=NC3=C(C=CC(Cl)=C3)OC2=C1Cl,1
N=c1n(CCN2CCCCC2)c2ccccc2n1CC(=O)c1ccc(Cl)c(Cl)c1,1
S2(C4(=C(N(CCCN1(CCN(C)CC1))C3(=C2C=CC=C3))C=C(SCC)C=C4)).O=C(O)C(O)CC(=O)O.O=C(O)C(O)CC(=O)O,1
Oc1ccccc1CN1CCC2(CCCN(Cc3ccccc3F)C2)C1,1
CC[C@H]([C@H]1CC[C@H](C)[C@@H](O1)[C@@H](C)[C@H](O)[C@H](C)C(=O)[C@H](CC)[C@H]2OC3(O[C@@]4(CC[C@](C)(O4)[C@H]5CC[C@](O)(CC)[C@H](C)O5)[C@H](O)C=C3)[C@H](C)C[C@@H]2C)C(=O)O,1
[Sb-]123(OC(=O)C(O1)C5(O[Sb-]4(OC(C(O2)C(O3)=O)C(=O)O4)(OC5=O))),1
CCP(=[Au]S[C@H]1O[C@@H](COC(=O)C)[C@H](OC(=O)C)[C@@H](OC(=O)C)[C@@H]1OC(=O)C)(CC)CC,1
CCC(Sc1oc2ccccc2n1)C(=O)Nc3nccs3,1
Clc1cccc(c1)C(c2ccc(CN3CCNCC3)cc2)n4ccnc4,1
Cc1cc(N2CCCC2)nc(Nc2ccc(NC(=O)CCc3ccccc3)cc2)n1,1
[H]C12OOC(C)(OO1)C2(CCC(C)=O)CC1=CC=CC=C1,1
O=[N+]([O-])C1=CC2=C(C=C1)C=CS2(=O)=O,1
CC(=CCC\C(=C/CNCCNC1C2CC3CC(CC1C3)C2)\C)C,1
CC(C)(C)C1=NN=C(SC2=NC=C([N+](=O)[O-])S2)N1,1
CN(C)CCCN1C2=CC=CC=C2SC3=C1C=C(C=C3)C(F)(F)F.Cl,1
O=C(Nc1ccsc1C(=O)NC1CCCCC1)c1ccc(F)cc1,1
Clc1ccc(s1)C(=O)Nc2oc(nn2)c3ccc(Cl)s3,1
CC(C)(C)OC(=O)N1CCC(Cn2nc(-c3cnc4ccccc4c3)c3c(N)ncnc23)CC1,1
C[C@@H]1CC[C@@]2(OC1)OC3C(O)C4C5CC[C@H]6C[C@H](O[C@@H]7O[C@H](CO)[C@H](O[C@@H]8O[C@H](CO)[C@@H](O)[C@H](O[C@@H]9OC[C@@H](O)[C@H](O)[C@H]9O)[C@H]8O[C@@H]%10O[C@H](CO)[C@H](O)[C@H](O[C@@H]%11O[C@H](CO)[C@@H](O)[C@H](O)[C@H]%11O)[C@H]%10O)[C@H](O)[C@H]7O)[C@H](O)C[C@]6(C)C5CC[C@]4(C)C3[C@@H]2C,1
CC1=NN(C(=O)NC2=CC(C(F)(F)F)=CC=C2)C(C)=C1SC1=NC=CC=C1,1
[Cl-].[S+]1(=C3(C(=NC2(=C1C=C(N(C)C)C=C2))C=C(C)C(=C3)N)),1
Cc1cc(Nc2cccc(F)c2)nc(NCc2ccccc2)n1,1
Cc1onc(C)c1C(=O)N2CCCC(C2)c3[nH]c4c(C)cccc4c3c5ccncc5,1
CC(C)/N=c1\cc2n(-c3ccc(Cl)cc3)c3ccccc3nc-2cc1Nc1ccc(Cl)cc1,1
Oc1c(Cl)cc(Cl)cc1Sc2cc(Cl)cc(Cl)c2O,1
CN1CCN(c2ccc(Nc3c4ccccc4nc4ccccc34)cc2)CC1,1
COc1ccc2nc(C)cc(Nc3cccc(O)c3)c2c1,1
COc1ccc2nc(C)cc(Nc3ccc(Cl)cc3)c2c1,1
CC1=C(C(N2CCN(CC2)C3=CC=C(F)C=C3)C4=NC=CC=C4)C5=C([NH]1)C=CC=C5,1
[Cl-].N(CCC=C2(C1(=C(C=CC=C1)CCC3(=C2C=CC=C3))))(C)C,1
C1=CC=C(C2=C(C(C3=NC=CC=C3)N3CCCC3)C3=C(C=CC=C3)N2)C=C1,1
OC(CNC1=C2C=CC=CC2=NC(=N1)C3=CC=NC=C3)C4=CC=C(Cl)C=C4,1
CN(C)CCCN1c2ccccc2Sc3ccccc13,1
FC=2(C1(=C(N)C(=C(O)N=C1C=CC=2)C4(=NC5(=CC(N3(CCN(C)CC3))=CC=C5(N4))))).O=C(O)C(O)C.O=C(O)C(O)C,1
Cl.c1ccc2c(NCCCCCCNc3c4c(nc5ccccc35)CCCC4)c3c(nc2c1)CCCC3,1
IC#CCOC1(=C(Cl)C=C(Cl)C(=C1)Cl),1
CCN(CC)CCNC1=C2C(=C(C=C1)CO)SC3=CC=CC=C3C2=O,1
CCC(=O)C1=CC2=C(C=C1)SC3=CC=CC=C3N2CC(C)N(C)C.C(=CC(=O)O)C(=O)O,1
Cc1ccc(NC(=O)Nc2cccc(Cl)c2)cc1F,1
COc1ccccc1NC1=C(N2CCCCC2)C(=O)c2ccccc2C1=O,1
CCOc1ccc2c(c1)CN(Cc1ccc(Cl)cc1)CO2,1
COc1cccc(C(=O)NC(c2ccc(C)cc2)c2cc(Cl)c3cccnc3c2O)c1,1
Cc1cccc(-n2ncc3c(O)nc(-n4nc(C)cc4NC(=O)c4cc5ccccc5o4)nc32)c1,1
CC1=CC=C(C2=NC3=CC=CC=C3N2)C=C1,1
CCOc1ccc(C2N(C)c3ccccc3N2C)cc1,1
Oc1ccc2ccccc2c1CNc1nc2ccccc2[nH]1,1
O[C@H]([C@H]1CCCCN1)c2cc(nc3c(cccc23)C(F)(F)F)C(F)(F)F,1
CCOc1ccc(CN2CCN(CC(O)COc3ccc(OCC(O)CN4CCN(Cc5ccc(OCC)cc5)CC4)cc3)CC2)cc1,1
COc1ccc(C(=O)C(CCC(CNC(C)(C)C)C(=O)c2ccc(OC)cc2)CNC(C)(C)C)cc1,1
CCC12CC(C34CC5CCCC3(C5)C4)(OO1)OO2,1
CCC12CC(CC(C)C)(OO1)OO2,1
Cc1cc(NCCc2ccccc2)nc(NC(=N)Nc3ccc(Cl)cc3)n1,1
O(C4(=CC3(=C(C2(C(C1(C(C(O)(C#C)CC1)(C)CC2))CC3))C=C4)))C,1
CC(C)CNC(=O)c1c(N)n(CCc2ccccc2F)c2nc3ccccc3nc12,1
Cc1cc(NC(=O)c2cccc(C(F)(F)F)c2)n(-c2nc(-c3ccc4c(c3)OCO4)cs2)n1,1
CCCCCCCCCCCCC[N+](C)(C)Cc1ccccc1,1
[Hg](OC(=O)C)C1(=CC=CC=C1),1
COc1ccc(Oc2ccc(cc2)[C@@H](C)N(C)c3ncc4c(N)nc(N)nc4n3)cc1,1
CC1=C(O)C(=O)C=C2C1=CC=C3[C@@]2(C)CC[C@@]4(C)[C@@H]5C[C@@](C)(CC[C@]5(C)CC[C@]34C)C(=O)O,1
COC(=O)c1c2CCN(Cc3ccccc3)Cc2sc1NC(=O)C4=Cc5ccccc5OC4=O,1
CNCCCNc1ccnc2cc(Cl)ccc12,1
FC1=CC=C(NC2=NN=C(C3=C(F)C=CC(F)=C3)CS2)C=C1,1
CCOC(=O)c1cnc2c(C)cc(C)cc2c1Nc1ccc(OC)c(OC)c1,1
N#CC1=[N+]([O-])ON=C1C1=CC=CS1,1
OC(CNCc1ccccc1)Cn1c2ccccc2c2ccccc21,1
CCCCCn1c(=N)n(CC(O)COc2cccc(C)c2)c2ccccc21,1
NS(=O)(=O)C1=CC([N+](=O)[O-])=C(Cl)S1,1
CN(C)CC\C=C/1\c2ccccc2COc3ccccc13,1
CN(C)CC\C=C\1/c2ccccc2Sc3ccc(Cl)cc13,1
Cc1sc(NC(=O)c2ccco2)c(C(c2cccnc2)N2CCC(Cc3ccccc3)CC2)c1C,1
COc1ccc(CCN(C)CCCC(C#N)(C(C)C)c2ccc(OC)c(OC)c2)cc1OC,1
CCCCC(O)(c1ccc(Cl)cc1)C(CN1CCOCC1)c1ccc(Cl)cc1,1
CN(C)CCCNc1c2ccccc2nc2ccccc12,1
CC(C)(C)c1ccc(C2CC3=Nc4ccccc4N(C(=O)c4ccccc4Cl)C(c4ccc(F)cc4)C3=C(O)C2)cc1,1
CC(CN1C2=CC=CC=C2CCC3=CC=CC=C31)CN(C)C.C(=CC(=O)O)C(=O)O,1
[Cl-].[Cl-].FC1=CC=C(C=C1)C(OCCN1CCN(CCCC2=CC=CC=C2)CC1)C1=CC=C(F)C=C1,1
CN4CCN(CCCn3c1ccccc1sc2ccc(C(F)(F)F)cc23)CC4,1
CC(C)OCc1cc(CN2CCN(c3cccc(Cl)c3)CC2)c(O)c2ncccc12,1
O=c1nc(C=Cc2ccc(Br)cc2)oc2ccccc12,1
CN(C)CCCN1c2ccccc2Sc3ccc(Cl)cc13,1
COc1ccccc1C(=O)ON=C(N)Cc1cccc2ccccc12,1
CCC1(C)CC(CCNCc2ccccc2O)(c2ccc(C)cc2)CCO1,1
[O-][N+]1=C2C=C([NH+]([O-])O)C(Cl)=CC2=NO1,1
COc1nc2ccc(Br)cc2cc1[C@@H](c3ccccc3)[C@@](O)(CCN(C)C)c4cccc5ccccc45,1
C[C@@]1(OO)CC([C@]23CC4CCCC2(C4)C3)OO1,1
Cc1cc(Nc2ccc(OCc3ccccc3)cc2)nc2cc(O)ccc12,1
O=C(Cc1ccccc1)NC(c1ccc(Cl)cc1)c1c(O)ccc2ccccc12,1
COc1cccc(c1)n2nnnc2S(=O)(=O)Cc3ccccc3,1
COC1=CC(=CC(=C1OC)OC)/C=C/C(=O)N2CCC=CC2=O,1
CC1=C(OC2=NC(=NC(=C2Br)N)NC3=CC=C(C=C3)C#N)C(=CC(=C1)C#N)C,1
COc1ccc(-c2nc3cc(Cc4ccc5[nH]c(-c6ccc(OC)cc6)nc5c4)ccc3[nH]2)cc1,1
O=C(Nc1ccc(CN2CCOCC2)cc1)c1ccc(-c2cc(Cl)ccc2Cl)o1,1
Oc1ccc(Cl)cc1C(=O)Nc2ccc(c(c2)C(F)(F)F)C(F)(F)F,1
Oc1c(CN2CCN(c3ccccc3F)CC2)cc(Br)c2cccnc12,1
Cc1cc(N(C)C)nc(Nc2ccc(NC(=O)Nc3ccccc3)cc2)n1,1
O=C5(OC2(CC1(OC(C(C)CC1)C(CC)C)(OC(C2)CC=C(C(OC4(OC(C(OC3(OC(C(O)C(C3)OC)C))C(C4)OC)C))C(C=CC=C7(C6(C5C=C(C(O)C6OC7)C)(O)))C)C))),1
CCC(C)C(=O)c1c(O)c(C)c2oc3c(C)c(O)c(C(=O)C(C)CC)c(O)c3c2c1O,1
COc1ccc(CCN2CCC(CN(C)Cc3cnn(-c4ccccc4)c3)CC2)cc1,1
NC(=S)NN=C(c1ccccc1)c3nc2ccccc2o3,1
CCN(CC)S(=O)(=O)c1ccc(-c2csc(Nc3ccc(C)c(C)c3)n2)cc1,1
OC(CNC1CCCCC1)Cn1c2ccc(I)cc2c2cc(I)ccc21,1
S=C1N2C(N([H])C(C)=C1)=C([H])C(C3=CC=CC=C3)=N2,1
Clc1cccc(c1)c2cnn3ccc(nc23)C(=O)Nc4ccc(cc4)N5CCNCC5,1
COC(=O)C1=C(C)NC(C)=C(C(=O)OCCN2CCN(C(c3ccccc3)c3ccccc3)CC2)C1c1cccc([N+](=O)[O-])c1,1
CCOc1ccccc1CN1CCc2nc3cc(C(C)(C)C)nn3c(O)c2C1,1
Fc1ccc(C(c2ccc(F)cc2)N2CCN(C/C=C/c3ccccc3)CC2)cc1,1
[Cl-].O=C4(C3(=C(O)C1(=C(CC(O)(C(=O)C)CC1OC2(OC(C(O)C(C2)N)C))C(=C3C(=O)C5(=C4C=CC=C5))O))),1
COc1cc2c(cc1OC)C1=NNC(=O)C1=NC(C)(C)C2,1
CC(C)(C)C1CCC2(CC1)OO[Si](C)(C)CC[Si](C)(C)OO2,1
CCOC(=O)C1=C(C)N=c2sc(=Cc3ccccc3O)c(=O)n2C1c1ccc(OC)c2ccccc12,1
COC1=CC=C(CN2CCCN(CC2)C3=C4C5=C(CCC5)SC4=NC(=N3)C6=CN=CC=C6)C=C1,1
CCCCOC(=O)c1ccc(Nc2cc(C)nc3ccc(OC)cc23)cc1,1
[Hg](SC1(=C(C(=O)[O-])C=CC=C1))CC.[Na+],1
CNC1=C([N+](=O)[O-])C([N+](=O)O)=C(Br)S1,1
Cc1cccc(Nc2nc(N)c3ccccc3n2)c1,1
CC(C)(C)CC(C)(C)NCC(O)COc1ccc2c(c1)CCC2,1
CCC(C1C(CC(O1)(CC)C2CCC(C(O2)C)(CC)O)C)C(=O)C(C)C(C(C)CCC3=C(C(=C(C=C3)C)O)C(=O)O)O,1
Cc1ccc(Cl)cc1N1CCN(CCCNC(=O)C2CCN(c3nc4ccccc4[nH]3)CC2)CC1,1
CN(C(=O)CN(CCO)CC(=O)N(C)C(C)(C)Cc1ccccc1)C(C)(C)Cc1ccccc1,1
Cc1cc(C)c2nc(N3CCC(C(=O)NCCCN4CCC(N5CCCCC5)CC4)CC3)sc2c1,1
OC(CNC1CCCC1)Cn1c2ccccc2c2ccccc21,1
COC(=O)\C(=C/CC12OC(C)(C)C3CC(C=C4C(=O)c5c(OC)c6C=CC(C)(CCC=C(C)C)Oc6c(CC=C(C)C)c5OC134)C2=O)\C,1
CC1=C(C#N)C(=O)NN=C1/C=C/C1=CC(OC2=CC=C(Cl)C=C2)=CC=C1,1
ClC1=C(Cl)C=C(NC(=O)NC2=C(C(=O)N3CCOCC3)C4=C(CCCC4)S2)C=C1,1
CCCCC[C@@H]1[C@@H](OC(=O)CC(C)C)[C@H](C)OC(=O)[C@@H](NC(=O)c2cccc(NC=O)c2O)[C@@H](C)OC1=O,1
O=C(Nc1ccc(F)c(Cl)c1)Nc1ccc(Cl)c(Cl)c1,1
[Cl-].N(CCC=C1(C3(=C(C=CC2(=C1C=CC=C2))C=CC=C3)))(C)C,1
COc1ccc(C(=O)NC(c2ccccc2Cl)c2cc(Cl)c3cccnc3c2O)cc1,1
CCn1nc(-c2ccc(C(=O)OC)cc2)nc2c(=O)n(C)c(=O)nc1-2,1
Nc1c2CCCCc2nc3sc4CCCCc4c13,1
C[C@]12OO[C@@H](CC1CC1=CC=C([N+](=O)[O-])C=C1)OO2,1
CC(C)n1nc(-c2cc3c(Cl)cccc3[nH]2)c2c(N)ncnc12,1
COc1ccc(C2c3ccc4ccccc4c3Oc3ncn(CCCN(C)C)c(=N)c32)cc1,1
CC1=CC=C(S(=O)(=O)C2=[N+]([O-])C=C([N+](=O)O)C=C2)C=C1,1
FC(F)(F)c1cccc(Nc2nc3ccccc3nc2Nc2cccc(C(F)(F)F)c2)c1,1
CN(C)c1ccc2c(ccc(\C=C\c3cc(C)n(c3C)c4ccccc4)[n+]2C)c1,1
CCOC(=O)c1c[nH]c2c(CC)cccc2c1=O,1
ClC3(=CC1(=C(SC2(=CC=CC=C2(C1=CCCN(C)C)))C=C3)).[Cl-],1
O=C(NC1CCN(Cc2ccccc2)CC1)c1cc2nc(-c3ccc(Cl)s3)cc(C(F)(F)F)n2n1,1
C1CN(CCN1CCCN2C3=CC=CC=C3SC4=C2C=C(C=C4)C(F)(F)F)CCO.Cl.Cl,1
CC1=C(C(=O)c2c(F)cc(F)cc2N1)c3ccc(Oc4ccc(OC(F)(F)F)cc4)cc3,1
O=c1[nH]c2ccccc2n1C1CCN(CCCC(c2ccc(F)cc2)c2ccc(F)cc2)CC1,1
CC(=O)CCC1(CC2=CC=C(Cl)C=C2)[C@]2(C)OO[C@@]1(C)OO2,1
O=C(C1CCCCC1)N1CC(=O)N2CCC3=C(C=CC=C3)C2C1,1
C1([P+](CCCCC[P+](C2=CC=CC=C2)(C3=CC=CC=C3)C4=CC=CC=C4)(C5=CC=CC=C5)C6=CC=CC=C6)=CC=CC=C1.[Br-].[Br-],1
CCN(CC)c1cc(C)c2cc(NC(=O)c3cccc(OC)c3)ccc2n1,1
O=C6(OC=C(C5(C4(C(O)(C3(C(C2(C(=CC(OC1(OC(O)C(O)C(C1O)O))CC2)CC3)(C))CC4))CC5)(C)))C=C6),1
C[C@@H]1OC(=O)CC(O)CC(O)CCC(O)C(O)CC(O)C[C@]2(O)C[C@H](O)C(C(C[C@@H](OC3OC(C)C(O)[C@@H](N)C3O)\C=C\C=C\C=C\C=C\C=C\C=C\C=C\[C@H](C)[C@@H](O)[C@H]1C)O2)C(=O)O,1
CC1=CC=C(CC23CCC4(C)O[C@@]2(C)OO[C@@]3(C)O4)C=C1,1
CC1CCN(Cc2ccc(NC(=O)c3cc4ccc5cccnc5c4[nH]3)cc2)CC1,1
CN(C)C(=O)Oc1cccc(c1)[N+](C)(C)C,1
CCCCC1[C@]2(C)OO[C@@]1(C)OO2,1
c1ccc(CNc2nc(Nc3ccccc3)nc3ccccc23)cc1,1
Nc1ccc2ncnc(Nc3ccc(OCc4cccc(F)c4)c(Cl)c3)c2c1,1
COc1ccc(CCn2c(=N)c(C(=O)NCc3cccnc3)cc3c(=O)n4cccc(C)c4nc32)cc1,1
CC1([N+](=O)O)C(Br)=C(Br)C(=O)C(Br)=C1Br,1
[Cl-].O6(C=5(C4(=C(C3(=C(C1(=C(C=C2(OCOC2(=C1)))C=C3))[N+](=C4)C))C=CC=5OC6))),1
COC(=O)c1ccc(C2C3=C(O)CC(c4ccc(F)cc4)CC3=Nc3ccccc3N2C(=O)c2ccccc2)cc1,1
O=C(Nc1nc(-c2ccccn2)cs1)c1ccccc1Br,1
ClC1=CC=C([C@@](C)(C2=CC=CC=C2)OCCC3N(C)CCC3)C=C1,1
ClC1(=C(C=CC(=C1)Cl)CC2(=C(O)C=CC(=C2)C(CC(C)(C)C)(C)C)),1
COc1cc(C)c(C(=O)Oc2cc(C)c(C(=O)O)c(O)c2C)c(OC)c1C,1
CC1=C(CC(=O)c2cccc([N+](=O)[O-])c2)C(=O)c2ccccc2C1=O,1
CC(=NNC(=S)N(C)C)c2nc1ccccc1o2,1
CC[C@]1(O)OC([C@@H](C)C[C@H]1C)[C@H]2C[C@H](C)C(O2)[C@]3(CC)CC[C@@H](O3)[C@]4(C)CCC5(C[C@H](O)[C@@H](C)[C@H](O5)[C@H](C)[C@@H](OC)[C@H](C)C(=O)O)O4,1
CO[C@H]1C[C@H](O[C@H]2[C@H](C)O[C@@H](O[C@@H]3/C(C)=C/C[C@@H]4C[C@@H](C[C@]5(C=C[C@H](C)[C@@H](C6CCCCC6)O5)O4)OC(=O)[C@@H]4C=C(C)[C@@H](O)[C@H]5OC/C(=C\C=C\[C@@H]3C)[C@]54O)C[C@@H]2OC)O[C@@H](C)[C@@H]1O,1
CN(C)CCC(=O)C1=C=C=C(S(C)(=O)=O)C=C1,1
[Au](SC1(OC(C(OC(=O)C)C(C1OC(=O)C)OC(=O)C)COC(=O)C))=P(CC)(CC)CC,1
C1([P+](CCC[P+](C2=CC=CC=C2)(C3=CC=CC=C3)C4=CC=CC=C4)(C5=CC=CC=C5)C6=CC=CC=C6)=CC=CC=C1.[Br-].[Br-],1
COC1=CC2=C(C=C1)[C@H]1CC[C@]3(C)[C@H](CC[C@H]3[C@@H]1CC2)NCCCCCCN1C(=O)C=CC1=O,1
CN1C2CCC1CC(C2)OC(c3ccccc3)c4ccccc4,1
CN1CCN(CC1)S(=O)(=O)c2ccc(cc2)c3ccc4c(Nc5ncc(Cl)cn5)ccnc4c3,1
FC1=C(C=C(NC(=O)N2CCCC2)C=C1)C1=NC2=CC(=CN=C2N1)C1=CC=CC=C1,1
COc1cccc(O)c1CN1CCC2(CCCN(Cc3ccc(F)cc3)C2)C1,1
OCCNc1nc(Nc2ccc(Cl)c(Cl)c2)nc2ccccc12,1
CCC(C)N1N=CN(C1=O)C1=CC=C(C=C1)N1CCN(CC1)C1=CC=C(OC[C@H]2CO[C@@](CN3C=NC=N3)(O2)C2=C(Cl)C=C(Cl)C=C2)C=C1,1
COc1ccc(CNC2CCN(c3ccc(NC(=O)c4cccc(Cl)c4)cc3)CC2)cc1OC,1
CC(=O)CCC1(CC2=CC=C(Br)C=C2)C2(C)OOC1(C)OO2,1
Oc1ccc(Cl)cc1C(=O)Nc2ccc(cc2Cl)[N+](=O)[O-],1
Cc1[nH]c(-c2ccc(F)cc2)cc1C(=O)NC1CCN(Cc2ccccc2)CC1,1
Nc1nccc2ccc(cc12)c3ccc4nccn4c3,1
CCOc1ccc2nc(C)cc(Nc3ccc(N(C)C)cc3)c2c1,1
ClC1(=C(Cl)C=CC(=C1)C3(C2(=C(C=CC=C2)C(C3)NC))).[Cl-],1
CC1=C(C(N2CCN(CC2)C3=CC=CC=C3)C4=CC=CS4)C5=C([NH]1)C=CC=C5,1
CO[C@@H]1C[C@@H](C[C@H]2CC[C@H](C)[C@@H](O2)[C@@H](C)C(=O)O)O[C@]3(O[C@@](C)(C[C@H]3C)[C@H]4CC[C@](C)(O4)C5O[C@H](C[C@@H]5C)C6O[C@@](O)(CO)[C@H](C)C[C@@H]6C)[C@@H]1C,1
[Na+].O=C([O-])C(C(OC)C(C5(OC4(OC(C3(OC(C2(OC(C1(OC(O)(C(C)CC1C)CO))CC2C))(CC)CC3))(C)CC4)(CC(C5C)O)))C)C,1
Oc1c(Cl)cc(Cl)c(Cl)c1Cc2c(O)c(Cl)cc(Cl)c2Cl,1
CC(=O)OC[C@]1(C)CC[C@]2(C)CC[C@]3(C)C4=CCc5c(C)c(OC(=O)C)c(OC(=O)C)cc5[C@]4(C)CC[C@@]3(C)C2C1,1
CC(=O)[C@@]1(CC2=CC=C(Cl)C=C2)CC[C@]2(C)OO[C@@]1(C)O2,1
CC(C1=CC=CC=C1)C1C2CCOO[C@@]1(C)OO2,1
CCN(CC)CCNc1ccnc2cc3ccccc3cc12,1
CNC(=O)c1nn(C)c2c3nc(Nc4ccc(cc4)N5CCN(C)CC5)ncc3CC(C)(C)c12,1
CC(C)[C@]12O[C@H]1[C@@H]3O[C@@]34[C@@]5(C)CCC6=C(COC6=O)[C@@H]5C[C@@H]7O[C@]47C2=O,1
CO\N=C1\C[C@]2(C[C@@H]3C[C@@H](C\C=C(C)\C[C@@H](C)\C=C\C=C4/CO[C@@H]5[C@H](O)C(C)=C[C@@H](C(=O)O3)[C@]45O)O2)O[C@@H]([C@H]1C)C(\C)=C\C(C)C,1
CCN(CC)CCn1c(=N)n(CC(O)c2ccc(Cl)c(Cl)c2)c2ccccc21,1
O=[N+]([O-])C1(=CC(=CC=C1)C2(C(C(=NC(=C2C(=O)OC5(CN(C(C3(=CC=CC=C3))C4(=CC=CC=C4))C5))N)C)=C(OC(C)C)O)),1
CNCC[C@H](OC1=C2C=CC=CC2=CC=C1)C1=CC=CS1,1
CCCN(CCC)CCCNC(=O)c1cc2c(-c3ccc(OC)c(OC)c3)nn(C)c2s1,1
CC(NCC1=CC=C(O1)C2=CC=C(C=C2)C(F)(F)F)C3=CC=C(N[S](C)(=O)=O)C=C3,1
CN(C)CCC=C1C2=CC=CC=C2COC3=CC=CC=C31.Cl,1
O=C(/C=C/SC1=NNC=N1)C1=CC=C(Cl)C=C1,1
CN1CCN(CC1)C(c2cccs2)c3c(C)[nH]c4ccccc34,1
OC1=CC=C(C=C1)C2=NC(=C([NH]2)C3=CC=NC=C3)C4=CC=C(F)C=C4,1
